artist,album,track_number,title,full_title,path,filename
King Gizzard & The Lizard Wizard,Live at Field of Vision '25,19,Venusian 2,(Live at Field of Vision '25),King Gizzard & The Lizard Wizard - Live at Field of Vision '25 - 19 Venusian 2 (Live at Field of Vision '25).mp3,King Gizzard & The Lizard Wizard - Live at Field of Vision '25 - 19 Venusian 2 (Live at Field of Vision '25).mp3
King Gizzard & The Lizard Wizard,Live at Field of Vision '25,21,Witchcraft,(Live at Field of Vision '25),King Gizzard & The Lizard Wizard - Live at Field of Vision '25 - 21 Witchcraft (Live at Field of Vision '25).mp3,King Gizzard & The Lizard Wizard - Live at Field of Vision '25 - 21 Witchcraft (Live at Field of Vision '25).mp3
King Gizzard & The Lizard Wizard,Live at Field of Vision '25,15,I'm In Your Mind Fuzz,(Live at Field of Vision '25),King Gizzard & The Lizard Wizard - Live at Field of Vision '25 - 15 I'm In Your Mind Fuzz (Live at Field of Vision '25).mp3,King Gizzard & The Lizard Wizard - Live at Field of Vision '25 - 15 I'm In Your Mind Fuzz (Live at Field of Vision '25).mp3
King Gizzard & The Lizard Wizard,Live at Field of Vision '25,23,Police Truck,(feat. Jello Biafra) (Live at Field of Vision '25),King Gizzard & The Lizard Wizard - Live at Field of Vision '25 - 23 Police Truck (feat. Jello Biafra) -Live at Field of Vision '25-.mp3,King Gizzard & The Lizard Wizard - Live at Field of Vision '25 - 23 Police Truck (feat. Jello Biafra) -Live at Field of Vision '25-.mp3
King Gizzard & The Lizard Wizard,Live at Field of Vision '25,04,Field of Vision,(Live at Field of Vision '25),King Gizzard & The Lizard Wizard - Live at Field of Vision '25 - 04 Field of Vision (Live at Field of Vision '25).mp3,King Gizzard & The Lizard Wizard - Live at Field of Vision '25 - 04 Field of Vision (Live at Field of Vision '25).mp3
King Gizzard & The Lizard Wizard,Live at Field of Vision '25,22,Gaia,(Live at Field of Vision '25),King Gizzard & The Lizard Wizard - Live at Field of Vision '25 - 22 Gaia (Live at Field of Vision '25).mp3,King Gizzard & The Lizard Wizard - Live at Field of Vision '25 - 22 Gaia (Live at Field of Vision '25).mp3
King Gizzard & The Lizard Wizard,Live at Field of Vision '25,16,Inner Cell,(Live at Field of Vision '25),King Gizzard & The Lizard Wizard - Live at Field of Vision '25 - 16 Inner Cell (Live at Field of Vision '25).mp3,King Gizzard & The Lizard Wizard - Live at Field of Vision '25 - 16 Inner Cell (Live at Field of Vision '25).mp3
King Gizzard & The Lizard Wizard,Live at Field of Vision '25,24,Evil Death Roll,(Live at Field of Vision '25),King Gizzard & The Lizard Wizard - Live at Field of Vision '25 - 24 Evil Death Roll (Live at Field of Vision '25).mp3,King Gizzard & The Lizard Wizard - Live at Field of Vision '25 - 24 Evil Death Roll (Live at Field of Vision '25).mp3
King Gizzard & The Lizard Wizard,Live at Field of Vision '25,06,Nuclear Fusion,(Live at Field of Vision '25),King Gizzard & The Lizard Wizard - Live at Field of Vision '25 - 06 Nuclear Fusion (Live at Field of Vision '25).mp3,King Gizzard & The Lizard Wizard - Live at Field of Vision '25 - 06 Nuclear Fusion (Live at Field of Vision '25).mp3
King Gizzard & The Lizard Wizard,Live at Field of Vision '25,17,Loyalty,(Live at Field of Vision '25),King Gizzard & The Lizard Wizard - Live at Field of Vision '25 - 17 Loyalty (Live at Field of Vision '25).mp3,King Gizzard & The Lizard Wizard - Live at Field of Vision '25 - 17 Loyalty (Live at Field of Vision '25).mp3
King Gizzard & The Lizard Wizard,Live at Field of Vision '25,14,Cellophane,(Live at Field of Vision '25),King Gizzard & The Lizard Wizard - Live at Field of Vision '25 - 14 Cellophane (Live at Field of Vision '25).mp3,King Gizzard & The Lizard Wizard - Live at Field of Vision '25 - 14 Cellophane (Live at Field of Vision '25).mp3
King Gizzard & The Lizard Wizard,Live at Field of Vision '25,08,Superposition,(Live at Field of Vision '25),King Gizzard & The Lizard Wizard - Live at Field of Vision '25 - 08 Superposition (Live at Field of Vision '25).mp3,King Gizzard & The Lizard Wizard - Live at Field of Vision '25 - 08 Superposition (Live at Field of Vision '25).mp3
King Gizzard & The Lizard Wizard,Live at Field of Vision '25,11,Extinction,(Live at Field of Vision '25),King Gizzard & The Lizard Wizard - Live at Field of Vision '25 - 11 Extinction (Live at Field of Vision '25).mp3,King Gizzard & The Lizard Wizard - Live at Field of Vision '25 - 11 Extinction (Live at Field of Vision '25).mp3
King Gizzard & The Lizard Wizard,Live at Field of Vision '25,02,People-Vultures,(Live at Field of Vision '25),King Gizzard & The Lizard Wizard - Live at Field of Vision '25 - 02 People-Vultures (Live at Field of Vision '25).mp3,King Gizzard & The Lizard Wizard - Live at Field of Vision '25 - 02 People-Vultures (Live at Field of Vision '25).mp3
King Gizzard & The Lizard Wizard,Live at Field of Vision '25,18,Horology,(Live at Field of Vision '25),King Gizzard & The Lizard Wizard - Live at Field of Vision '25 - 18 Horology (Live at Field of Vision '25).mp3,King Gizzard & The Lizard Wizard - Live at Field of Vision '25 - 18 Horology (Live at Field of Vision '25).mp3
King Gizzard & The Lizard Wizard,Live at Field of Vision '25,07,Intrasport,(Live at Field of Vision '25),King Gizzard & The Lizard Wizard - Live at Field of Vision '25 - 07 Intrasport (Live at Field of Vision '25).mp3,King Gizzard & The Lizard Wizard - Live at Field of Vision '25 - 07 Intrasport (Live at Field of Vision '25).mp3
King Gizzard & The Lizard Wizard,Live at Field of Vision '25,03,Mr. Beat,(Live at Field of Vision '25),King Gizzard & The Lizard Wizard - Live at Field of Vision '25 - 03 Mr. Beat (Live at Field of Vision '25).mp3,King Gizzard & The Lizard Wizard - Live at Field of Vision '25 - 03 Mr. Beat (Live at Field of Vision '25).mp3
King Gizzard & The Lizard Wizard,Live at Field of Vision '25,13,I'm Not In Your Mind,(Live at Field of Vision '25),King Gizzard & The Lizard Wizard - Live at Field of Vision '25 - 13 I'm Not In Your Mind (Live at Field of Vision '25).mp3,King Gizzard & The Lizard Wizard - Live at Field of Vision '25 - 13 I'm Not In Your Mind (Live at Field of Vision '25).mp3
King Gizzard & The Lizard Wizard,Live at Field of Vision '25,01,Gamma Knife,(Live at Field of Vision '25),King Gizzard & The Lizard Wizard - Live at Field of Vision '25 - 01 Gamma Knife (Live at Field of Vision '25).mp3,King Gizzard & The Lizard Wizard - Live at Field of Vision '25 - 01 Gamma Knife (Live at Field of Vision '25).mp3
King Gizzard & The Lizard Wizard,Live at Field of Vision '25,10,Gilgamesh,(Live at Field of Vision '25),King Gizzard & The Lizard Wizard - Live at Field of Vision '25 - 10 Gilgamesh (Live at Field of Vision '25).mp3,King Gizzard & The Lizard Wizard - Live at Field of Vision '25 - 10 Gilgamesh (Live at Field of Vision '25).mp3
King Gizzard & The Lizard Wizard,Live at Field of Vision '25,05,Antarctica,(Live at Field of Vision '25),King Gizzard & The Lizard Wizard - Live at Field of Vision '25 - 05 Antarctica (Live at Field of Vision '25).mp3,King Gizzard & The Lizard Wizard - Live at Field of Vision '25 - 05 Antarctica (Live at Field of Vision '25).mp3
King Gizzard & The Lizard Wizard,Live at Field of Vision '25,12,I'm In Your Mind,(Live at Field of Vision '25),King Gizzard & The Lizard Wizard - Live at Field of Vision '25 - 12 I'm In Your Mind (Live at Field of Vision '25).mp3,King Gizzard & The Lizard Wizard - Live at Field of Vision '25 - 12 I'm In Your Mind (Live at Field of Vision '25).mp3
King Gizzard & The Lizard Wizard,Live at Field of Vision '25,09,Kepler-22b,(Live at Field of Vision '25),King Gizzard & The Lizard Wizard - Live at Field of Vision '25 - 09 Kepler-22b (Live at Field of Vision '25).mp3,King Gizzard & The Lizard Wizard - Live at Field of Vision '25 - 09 Kepler-22b (Live at Field of Vision '25).mp3
King Gizzard & The Lizard Wizard,Live at Field of Vision '25,20,Converge,(Live at Field of Vision '25),King Gizzard & The Lizard Wizard - Live at Field of Vision '25 - 20 Converge (Live at Field of Vision '25).mp3,King Gizzard & The Lizard Wizard - Live at Field of Vision '25 - 20 Converge (Live at Field of Vision '25).mp3
